match_id,team1,team2,predicted_score,score_cal,model_vs_market,bet_recommendation,bet_outcome,predicted_score_right,edge_pct
1,Mexico,South Africa,1-0,1-0,NaN,SKIP,,1-0,1.99
2,South Korea,Czech Republic,1-1,1-1,NaN,SKIP,,1-1,0.89
3,Canada,Bosnia,0-1,1-1,⚠ market favours team1 (29% gap),BET,Bosnia win,0-1,8.15
4,USA,Paraguay,0-0,1-0,⚠ market favours team1 (23% gap),SKIP,,0-0,2.1
5,Haiti,Scotland,1-1,1-1,⚠ model favours team1 (21% gap),BET,Haiti win,1-1,7.71
6,Australia,Turkey,0-2,0-1,NaN,SKIP,,0-2,2.24
7,Brazil,Morocco,1-1,1-1,⚠ market favours team1 (29% gap),BET,Morocco win,1-1,8.31
8,Qatar,Switzerland,0-2,0-2,NaN,SKIP,,0-2,0.2
9,Ivory Coast,Ecuador,1-1,0-0,NaN,SKIP,,1-1,2.27
10,Germany,Curaçao,3-0,2-0,NaN,SKIP,,3-0,2.64
11,Netherlands,Japan,1-0,1-0,NaN,SKIP,,1-0,0.28
12,Sweden,Tunisia,1-1,1-0,NaN,SKIP,,1-1,0.89
13,Saudi Arabia,Uruguay,0-1,0-1,NaN,SKIP,,0-1,-0.02
14,Spain,Cape Verde,2-0,2-0,⚠ market favours team1 (23% gap),SKIP,,2-0,4.2
15,Iran,New Zealand,1-0,1-0,NaN,SKIP,,1-0,-0.08
16,Belgium,Egypt,2-0,1-0,⚠ model favours team1 (20% gap),SKIP,,2-0,3.93
17,France,Senegal,2-1,2-0,NaN,SKIP,,2-1,1.01
18,Iraq,Norway,1-1,0-2,⚠ model favours team1 (18% gap),BET,Iraq win,1-1,5.43
19,Argentina,Algeria,1-0,1-0,NaN,SKIP,,1-0,2.29
20,Austria,Jordan,2-1,2-0,NaN,SKIP,,2-1,3.08
21,Ghana,Panama,2-1,1-1,NaN,SKIP,,2-1,0.32
22,England,Croatia,1-1,1-0,NaN,SKIP,,1-1,0.7
23,Portugal,Congo DR,2-0,2-0,NaN,SKIP,,2-0,2.17
24,Uzbekistan,Colombia,0-1,0-1,NaN,SKIP,,0-1,1.24
25,Czech Republic,South Africa,1-1,1-0,NaN,SKIP,,1-1,-0.1
26,Switzerland,Bosnia,1-1,1-0,NaN,SKIP,,1-1,2.43
27,Canada,Qatar,1-0,1-0,NaN,SKIP,,1-0,2.05
28,Mexico,South Korea,1-0,1-0,NaN,SKIP,,1-0,0.26
29,Brazil,Haiti,1-1,2-0,⚠ market favours team1 (34% gap),BET,Haiti win,1-1,6.34
30,Scotland,Morocco,0-1,0-1,NaN,SKIP,,0-1,1.32
31,Turkey,Paraguay,0-0,1-0,NaN,SKIP,,0-0,0.53
32,USA,Australia,1-1,1-0,NaN,SKIP,,1-1,3.7
33,Germany,Ivory Coast,2-1,1-0,NaN,SKIP,,2-1,1.32
34,Ecuador,Curaçao,1-0,2-0,⚠ market favours team1 (25% gap),SKIP,,1-0,4.42
35,Netherlands,Sweden,2-0,1-0,NaN,SKIP,,2-0,2.68
36,Tunisia,Japan,0-1,0-1,NaN,SKIP,,0-1,0.15
37,Uruguay,Cape Verde,1-1,1-0,⚠ market favours team1 (30% gap),BET,Cape Verde win,1-1,6.47
38,Spain,Saudi Arabia,3-0,2-0,NaN,SKIP,,3-0,0.1
39,Belgium,Iran,1-0,1-0,NaN,SKIP,,1-0,0.84
40,New Zealand,Egypt,0-0,0-1,NaN,SKIP,,0-0,4.41
41,Norway,Senegal,2-1,1-1,NaN,SKIP,,2-1,-0.42
42,France,Iraq,1-0,2-0,⚠ market favours team1 (21% gap),SKIP,,1-0,3.45
43,Argentina,Austria,1-1,1-0,NaN,SKIP,,1-1,1.32
44,Jordan,Algeria,1-1,0-1,NaN,SKIP,,1-1,1.27
45,England,Ghana,2-0,2-0,NaN,SKIP,,2-0,1.37
46,Panama,Croatia,1-3,0-2,NaN,SKIP,,1-3,1.03
47,Portugal,Uzbekistan,1-1,2-0,⚠ market favours team1 (18% gap),SKIP,,1-1,4.46
48,Colombia,Congo DR,2-0,1-0,NaN,SKIP,,2-0,0.3
49,Scotland,Brazil,1-2,0-2,NaN,SKIP,,1-2,2.21
50,Morocco,Haiti,1-0,1-0,⚠ market favours team1 (17% gap),SKIP,,1-0,2.9
51,Switzerland,Canada,2-0,1-0,⚠ model favours team1 (19% gap),SKIP,,2-0,3.18
52,Bosnia,Qatar,1-0,1-0,NaN,SKIP,,1-0,-0.14
53,Czech Republic,Mexico,0-1,0-1,NaN,SKIP,,0-1,2.45
54,South Africa,South Korea,1-1,0-1,NaN,SKIP,,1-1,0.22
55,Curaçao,Ivory Coast,1-2,0-2,NaN,SKIP,,1-2,3.43
56,Ecuador,Germany,0-1,0-1,NaN,SKIP,,0-1,-1.04
57,Japan,Sweden,1-0,1-0,NaN,SKIP,,1-0,-0.82
58,Tunisia,Netherlands,0-2,0-1,NaN,SKIP,,0-2,0.38
59,Turkey,USA,1-1,1-1,⚠ model favours team1 (20% gap),BET,Turkey win,1-1,5.04
60,Paraguay,Australia,0-0,1-0,NaN,SKIP,,0-0,0.5
61,Norway,France,1-2,0-1,NaN,SKIP,,1-2,-0.28
62,Senegal,Iraq,1-1,1-0,⚠ market favours team1 (29% gap),BET,Iraq win,1-1,6.37
63,Egypt,Iran,0-1,1-1,⚠ market favours team1 (19% gap),BET,Iran win,0-1,5.92
64,New Zealand,Belgium,0-2,0-2,NaN,SKIP,,0-2,0.13
65,Cape Verde,Saudi Arabia,2-0,1-1,⚠ model favours team1 (30% gap),BET,Cape Verde win,2-0,8.04
66,Uruguay,Spain,0-1,0-1,NaN,SKIP,,0-1,-1.41
67,Panama,England,0-3,0-2,NaN,SKIP,,0-3,1.28
68,Croatia,Ghana,2-1,1-0,NaN,SKIP,,2-1,1.01
69,Algeria,Austria,0-1,0-1,NaN,SKIP,,0-1,-0.47
70,Jordan,Argentina,0-2,0-2,NaN,SKIP,,0-2,0.93
71,Colombia,Portugal,1-1,1-1,NaN,SKIP,,1-1,2.19
72,Congo DR,Uzbekistan,1-1,1-1,NaN,SKIP,,1-1,2.85
