match_id,date,team1,team2,predicted_score,p_win1,p_draw,p_win2,odd_1,odd_draw,odd_2,bet_recommendation,bet_outcome,bet_odds,bet_probability,bet_points_value,kelly_pct,edge_pct,expected_value,risk_level
1,11-Jun-26,Mexico,South Africa,1-0,0.628,0.241,0.131,1.4444444444444444,4.5,9.0,SKIP,,,,,,1.99,,HIGH_EDGE_NEEDED
2,11-Jun-26,South Korea,Czech Republic,1-1,0.347,0.287,0.366,2.65,3.2,2.8,SKIP,,,,,,0.89,,HIGH_EDGE_NEEDED
3,12-Jun-26,Canada,Bosnia,0-1,0.439,0.269,0.292,1.8333333333333333,3.7,4.75,BET,Bosnia win,4.75,0.292,125,2.58,8.15,0.387,VERY_HIGH
4,12-Jun-26,USA,Paraguay,0-0,0.422,0.307,0.271,2.0,3.4,4.0,SKIP,,,,,,2.1,,HIGH_EDGE_NEEDED
5,13-Jun-26,Haiti,Scotland,1-1,0.22,0.23,0.55,7.0,4.75,1.5,BET,Haiti win,7.0,0.22,154,2.25,7.71,0.54,VERY_HIGH
6,13-Jun-26,Australia,Turkey,0-2,0.182,0.24,0.578,5.0,3.6,1.8,SKIP,,,,,,2.24,,HIGH_EDGE_NEEDED
7,13-Jun-26,Brazil,Morocco,1-1,0.488,0.255,0.257,1.6153846153846154,4.0,5.75,BET,Morocco win,5.75,0.257,140,2.51,8.31,0.4778,VERY_HIGH
8,13-Jun-26,Qatar,Switzerland,0-2,0.057,0.141,0.802,15.0,6.5,1.25,SKIP,,,,,,0.2,,HIGH_EDGE_NEEDED
9,14-Jun-26,Ivory Coast,Ecuador,1-1,0.293,0.327,0.381,3.7,2.9,2.4,SKIP,,,,,,2.27,,HIGH_EDGE_NEEDED
10,14-Jun-26,Germany,Curaçao,3-0,0.896,0.074,0.03,1.05,21.0,76.0,SKIP,,,,,,2.64,,HIGH_EDGE_NEEDED
11,14-Jun-26,Netherlands,Japan,1-0,0.486,0.266,0.248,2.0,3.8,3.8,SKIP,,,,,,0.28,,HIGH_EDGE_NEEDED
12,14-Jun-26,Sweden,Tunisia,1-1,0.473,0.279,0.247,1.95,3.4,4.2,SKIP,,,,,,0.89,,HIGH_EDGE_NEEDED
13,15-Jun-26,Saudi Arabia,Uruguay,0-1,0.13,0.222,0.648,7.5,4.5,1.48,SKIP,,,,,,-0.02,,HIGH_EDGE_NEEDED
14,15-Jun-26,Spain,Cape Verde,2-0,0.8,0.129,0.071,1.1111111111111112,11.5,29.0,SKIP,,,,,,4.2,,HIGH_EDGE_NEEDED
15,15-Jun-26,Iran,New Zealand,1-0,0.52,0.277,0.203,1.9090909090909092,3.6,4.4,SKIP,,,,,,-0.08,,HIGH_EDGE_NEEDED
16,15-Jun-26,Belgium,Egypt,2-0,0.631,0.221,0.148,1.69,3.9,5.25,SKIP,,,,,,3.93,,HIGH_EDGE_NEEDED
17,16-Jun-26,France,Senegal,2-1,0.66,0.201,0.14,1.45,4.6,7.7,SKIP,,,,,,1.01,,HIGH_EDGE_NEEDED
18,16-Jun-26,Iraq,Norway,1-1,0.121,0.176,0.703,15.0,7.0,1.2222222222222223,BET,Iraq win,15.0,0.121,178,1.46,5.43,0.815,VERY_HIGH
19,16-Jun-26,Argentina,Algeria,1-0,0.649,0.217,0.134,1.4,4.75,9.0,SKIP,,,,,,2.29,,HIGH_EDGE_NEEDED
20,16-Jun-26,Austria,Jordan,2-1,0.687,0.187,0.126,1.3333333333333333,5.5,10.5,SKIP,,,,,,3.08,,HIGH_EDGE_NEEDED
21,17-Jun-26,Ghana,Panama,2-1,0.484,0.256,0.259,2.08,3.5,3.8,SKIP,,,,,,0.32,,HIGH_EDGE_NEEDED
22,17-Jun-26,England,Croatia,1-1,0.547,0.246,0.207,1.7272727272727273,3.8,5.0,SKIP,,,,,,0.7,,HIGH_EDGE_NEEDED
23,17-Jun-26,Portugal,Congo DR,2-0,0.719,0.175,0.105,1.25,6.0,12.0,SKIP,,,,,,2.17,,HIGH_EDGE_NEEDED
24,17-Jun-26,Uzbekistan,Colombia,0-1,0.13,0.21,0.66,8.5,4.6,1.4,SKIP,,,,,,1.24,,HIGH_EDGE_NEEDED
25,18-Jun-26,Czech Republic,South Africa,1-1,0.499,0.271,0.229,2.0,3.3,4.1,SKIP,,,,,,-0.1,,HIGH_EDGE_NEEDED
26,18-Jun-26,Switzerland,Bosnia,1-1,0.572,0.236,0.191,1.6,4.0,6.0,SKIP,,,,,,2.43,,HIGH_EDGE_NEEDED
27,18-Jun-26,Canada,Qatar,1-0,0.688,0.211,0.101,1.3333333333333333,5.25,12.0,SKIP,,,,,,2.05,,HIGH_EDGE_NEEDED
28,18-Jun-26,Mexico,South Korea,1-0,0.5,0.28,0.22,1.85,3.5,4.6,SKIP,,,,,,0.26,,HIGH_EDGE_NEEDED
29,19-Jun-26,Brazil,Haiti,1-1,0.781,0.127,0.092,1.0833333333333333,14.0,35.0,BET,Haiti win,35.0,0.092,198,1.63,6.34,2.22,VERY_HIGH
30,19-Jun-26,Scotland,Morocco,0-1,0.22,0.279,0.501,4.0,3.3,2.05,SKIP,,,,,,1.32,,HIGH_EDGE_NEEDED
31,19-Jun-26,Turkey,Paraguay,0-0,0.42,0.313,0.267,2.25,3.25,3.4,SKIP,,,,,,0.53,,HIGH_EDGE_NEEDED
32,19-Jun-26,USA,Australia,1-1,0.513,0.251,0.237,1.75,4.0,5.0,SKIP,,,,,,3.7,,HIGH_EDGE_NEEDED
33,20-Jun-26,Germany,Ivory Coast,2-1,0.618,0.215,0.167,1.55,4.4,6.5,SKIP,,,,,,1.32,,HIGH_EDGE_NEEDED
34,20-Jun-26,Ecuador,Curaçao,1-0,0.714,0.182,0.103,1.2222222222222223,7.0,17.0,SKIP,,,,,,4.42,,HIGH_EDGE_NEEDED
35,20-Jun-26,Netherlands,Sweden,2-0,0.615,0.224,0.162,1.7,4.0,5.25,SKIP,,,,,,2.68,,HIGH_EDGE_NEEDED
36,20-Jun-26,Tunisia,Japan,0-1,0.183,0.27,0.547,4.8,3.5,1.8333333333333333,SKIP,,,,,,0.15,,HIGH_EDGE_NEEDED
37,21-Jun-26,Uruguay,Cape Verde,1-1,0.565,0.237,0.198,1.4444444444444444,4.5,7.5,BET,Cape Verde win,7.5,0.198,137,1.87,6.47,0.485,VERY_HIGH
38,21-Jun-26,Spain,Saudi Arabia,3-0,0.863,0.101,0.036,1.125,10.0,26.0,SKIP,,,,,,0.1,,HIGH_EDGE_NEEDED
39,21-Jun-26,Belgium,Iran,1-0,0.667,0.207,0.126,1.4444444444444444,4.75,8.5,SKIP,,,,,,0.84,,HIGH_EDGE_NEEDED
40,21-Jun-26,New Zealand,Egypt,0-0,0.218,0.281,0.5,5.75,3.9,1.7272727272727273,SKIP,,,,,,4.41,,HIGH_EDGE_NEEDED
41,22-Jun-26,Norway,Senegal,2-1,0.472,0.257,0.271,2.1,3.5,3.5,SKIP,,,,,,-0.42,,HIGH_EDGE_NEEDED
42,22-Jun-26,France,Iraq,1-0,0.784,0.143,0.073,1.1428571428571428,9.0,26.0,SKIP,,,,,,3.45,,HIGH_EDGE_NEEDED
43,22-Jun-26,Argentina,Austria,1-1,0.559,0.246,0.195,1.65,3.8,5.5,SKIP,,,,,,1.32,,HIGH_EDGE_NEEDED
44,22-Jun-26,Jordan,Algeria,1-1,0.174,0.234,0.592,6.2,4.0,1.6,SKIP,,,,,,1.27,,HIGH_EDGE_NEEDED
45,23-Jun-26,England,Ghana,2-0,0.724,0.179,0.097,1.3333333333333333,5.5,12.0,SKIP,,,,,,1.37,,HIGH_EDGE_NEEDED
46,23-Jun-26,Panama,Croatia,1-3,0.127,0.196,0.677,7.5,4.2,1.5,SKIP,,,,,,1.03,,HIGH_EDGE_NEEDED
47,23-Jun-26,Portugal,Uzbekistan,1-1,0.706,0.178,0.116,1.25,6.5,14.0,SKIP,,,,,,4.46,,HIGH_EDGE_NEEDED
48,23-Jun-26,Colombia,Congo DR,2-0,0.653,0.22,0.128,1.5,4.2,8.0,SKIP,,,,,,0.3,,HIGH_EDGE_NEEDED
49,24-Jun-26,Scotland,Brazil,1-2,0.165,0.208,0.626,7.0,4.6,1.4761904761904763,SKIP,,,,,,2.21,,HIGH_EDGE_NEEDED
50,24-Jun-26,Morocco,Haiti,1-0,0.658,0.213,0.129,1.3333333333333333,5.25,10.0,SKIP,,,,,,2.9,,HIGH_EDGE_NEEDED
51,24-Jun-26,Switzerland,Canada,2-0,0.508,0.263,0.229,2.1,3.4,3.8,SKIP,,,,,,3.18,,HIGH_EDGE_NEEDED
52,24-Jun-26,Bosnia,Qatar,1-0,0.635,0.228,0.137,1.5714285714285714,4.0,6.0,SKIP,,,,,,-0.14,,HIGH_EDGE_NEEDED
53,24-Jun-26,Czech Republic,Mexico,0-1,0.235,0.281,0.484,4.75,3.5,1.9090909090909092,SKIP,,,,,,2.45,,HIGH_EDGE_NEEDED
54,24-Jun-26,South Africa,South Korea,1-1,0.247,0.269,0.483,4.0,3.4,2.08,SKIP,,,,,,0.22,,HIGH_EDGE_NEEDED
55,25-Jun-26,Curaçao,Ivory Coast,1-2,0.101,0.167,0.732,15.0,6.5,1.25,SKIP,,,,,,3.43,,HIGH_EDGE_NEEDED
56,25-Jun-26,Ecuador,Germany,0-1,0.188,0.246,0.566,5.0,3.9,1.6666666666666667,SKIP,,,,,,-1.04,,HIGH_EDGE_NEEDED
57,25-Jun-26,Japan,Sweden,1-0,0.468,0.277,0.255,2.1,3.4,3.6,SKIP,,,,,,-0.82,,HIGH_EDGE_NEEDED
58,25-Jun-26,Tunisia,Netherlands,0-2,0.133,0.211,0.656,6.5,4.2,1.5333333333333334,SKIP,,,,,,0.38,,HIGH_EDGE_NEEDED
59,25-Jun-26,Turkey,USA,1-1,0.414,0.262,0.324,2.75,3.4,2.55,BET,Turkey win,2.75,0.414,109,1.98,5.04,0.1385,VERY_HIGH
60,25-Jun-26,Paraguay,Australia,0-0,0.429,0.308,0.263,2.2,3.3,3.4,SKIP,,,,,,0.5,,HIGH_EDGE_NEEDED
61,26-Jun-26,Norway,France,1-2,0.228,0.248,0.524,4.333333333333333,3.6,1.8333333333333333,SKIP,,,,,,-0.28,,HIGH_EDGE_NEEDED
62,26-Jun-26,Senegal,Iraq,1-1,0.574,0.229,0.197,1.4761904761904763,4.5,7.5,BET,Iraq win,7.5,0.197,149,1.84,6.37,0.4775,VERY_HIGH
63,26-Jun-26,Egypt,Iran,0-1,0.359,0.304,0.337,2.4,3.1,3.6,BET,Iran win,3.6,0.337,123,2.05,5.92,0.2132,VERY_HIGH
64,26-Jun-26,New Zealand,Belgium,0-2,0.086,0.168,0.746,10.0,6.0,1.3333333333333333,SKIP,,,,,,0.13,,HIGH_EDGE_NEEDED
65,26-Jun-26,Cape Verde,Saudi Arabia,2-0,0.465,0.257,0.278,2.6,3.45,2.8,BET,Cape Verde win,2.6,0.465,99,3.27,8.04,0.209,VERY_HIGH
66,26-Jun-26,Uruguay,Spain,0-1,0.165,0.242,0.592,5.5,3.9,1.65,SKIP,,,,,,-1.41,,HIGH_EDGE_NEEDED
67,27-Jun-26,Panama,England,0-3,0.077,0.141,0.782,10.5,6.0,1.3,SKIP,,,,,,1.28,,HIGH_EDGE_NEEDED
68,27-Jun-26,Croatia,Ghana,2-1,0.589,0.235,0.175,1.7272727272727273,3.75,5.5,SKIP,,,,,,1.01,,HIGH_EDGE_NEEDED
69,27-Jun-26,Algeria,Austria,0-1,0.281,0.296,0.423,3.5,3.3,2.3,SKIP,,,,,,-0.47,,HIGH_EDGE_NEEDED
70,27-Jun-26,Jordan,Argentina,0-2,0.076,0.141,0.783,15.0,7.5,1.2,SKIP,,,,,,0.93,,HIGH_EDGE_NEEDED
71,27-Jun-26,Colombia,Portugal,1-1,0.316,0.269,0.415,3.4,3.4,2.2,SKIP,,,,,,2.19,,HIGH_EDGE_NEEDED
72,27-Jun-26,Congo DR,Uzbekistan,1-1,0.373,0.286,0.341,2.4,3.4,3.2,SKIP,,,,,,2.85,,HIGH_EDGE_NEEDED
