match_id,date,team1,team2,recommended_score,recommended_outcome,p_outcome,p_exact_score,points_if_correct,expected_value,platform_favourite,platform_p,naive_score,naive_ev,ev_gain_vs_naive,edge_pct,is_contrarian,risk_level,ev_team1_win,ev_draw,ev_team2_win,score_team1_win,score_draw,score_team2_win,actual_score,actual_outcome,outcome_correct,score_correct
1,11-Jun-26,Mexico,South Africa,1-0,team1_win,0.472,0.193,49,23.15,team1_win,0.82,1-0,40.18,-17.03,21.9,False,FOLLOW_FAVOURITE,23.15,39.82,30.91,1-0,0-0,0-1,2-0,team1_win,True,False
2,11-Jun-26,South Korea,Czech Republic,1-1,draw,0.244,0.115,107,26.08,draw,0.5,1-1,53.5,-27.42,15.6,False,FOLLOW_FAVOURITE,44.7,26.08,26.28,2-1,1-1,1-2,2-1,team1_win,False,False
3,12-Jun-26,Canada,Bosnia,0-1,team2_win,0.49,0.142,125,61.26,team1_win,0.59,1-0,38.35,22.91,31.0,True,VALUE_CONTRARIAN,15.42,31.83,61.26,1-0,1-1,0-1,1-1,draw,False,False
4,12-Jun-26,USA,Paraguay,1-0,team1_win,0.258,0.148,74,19.06,team1_win,0.63,1-0,46.62,-27.56,21.0,False,FOLLOW_FAVOURITE,19.06,42.07,42.56,1-0,0-0,0-1,,,,
5,13-Jun-26,Haiti,Scotland,1-0,team1_win,0.315,0.083,154,48.49,team2_win,0.88,0-1,38.72,9.77,27.5,True,VALUE_CONTRARIAN,48.49,33.66,18.79,1-0,1-1,0-1,0-1,team2_win,False,False
6,13-Jun-26,Australia,Turkey,0-2,team2_win,0.753,0.103,66,49.72,team2_win,0.69,0-2,45.54,4.18,6.3,False,SAFE_FAVOURITE,10.87,15.68,49.72,2-1,1-1,0-2,2-0,team1_win,False,False
7,13-Jun-26,Brazil,Morocco,0-1,team2_win,0.377,0.094,140,52.73,team1_win,0.5,1-0,27.5,25.23,17.7,True,VALUE_CONTRARIAN,19.93,31.73,52.73,1-0,1-1,0-1,1-1,draw,False,False
8,13-Jun-26,Qatar,Switzerland,0-2,team2_win,0.811,0.134,33,26.76,team2_win,0.87,0-2,28.71,-1.95,-5.9,False,FOLLOW_FAVOURITE,8.6,16.04,26.76,1-0,1-1,0-2,1-1,draw,False,False
9,14-Jun-26,Ivory Coast,Ecuador,1-1,draw,0.272,0.128,101,27.43,draw,0.47,1-1,47.47,-20.04,26.3,False,FOLLOW_FAVOURITE,29.67,27.43,38.51,1-0,1-1,0-1,1-0,team1_win,False,False
10,14-Jun-26,Germany,Curaçao,3-0,team1_win,0.804,0.097,15,12.07,team1_win,0.97,3-0,14.55,-2.48,5.2,False,FOLLOW_FAVOURITE,12.07,12.92,8.0,3-0,1-1,1-2,7-1,team1_win,True,False
11,14-Jun-26,Netherlands,Japan,1-0,team1_win,0.51,0.132,74,37.77,team1_win,0.61,1-0,45.14,-7.37,-10.0,False,FOLLOW_FAVOURITE,37.77,29.81,25.92,1-0,1-1,0-1,2-2,draw,False,False
12,14-Jun-26,Sweden,Tunisia,1-0,team1_win,0.567,0.107,72,40.84,team1_win,0.62,1-0,44.64,-3.8,-5.3,False,FOLLOW_FAVOURITE,40.84,24.92,24.8,1-0,1-1,0-1,5-1,team1_win,True,False
13,15-Jun-26,Saudi Arabia,Uruguay,0-2,team2_win,0.738,0.137,50,36.9,team2_win,0.81,0-2,40.5,-3.6,-7.2,False,FOLLOW_FAVOURITE,12.92,20.48,36.9,1-0,1-1,0-2,1-1,draw,False,False
14,15-Jun-26,Spain,Cape Verde,1-1,draw,0.207,0.098,166,34.28,team1_win,0.98,2-0,15.68,18.6,18.7,True,VALUE_CONTRARIAN,10.15,34.28,33.47,2-0,1-1,0-1,0-0,draw,True,False
15,15-Jun-26,Iran,New Zealand,1-1,draw,0.275,0.127,116,31.85,draw,0.44,1-1,51.04,-19.19,-16.5,False,FOLLOW_FAVOURITE,30.38,31.85,31.54,1-0,1-1,0-1,2-2,draw,True,False
16,15-Jun-26,Belgium,Egypt,2-0,team1_win,0.753,0.129,57,42.9,team1_win,0.78,2-0,44.46,-1.56,-2.7,False,FOLLOW_FAVOURITE,42.9,18.37,11.2,2-0,1-1,0-1,1-1,draw,False,False
17,16-Jun-26,France,Senegal,2-0,team1_win,0.665,0.099,46,30.59,team1_win,0.91,2-0,41.86,-11.27,-24.5,False,FOLLOW_FAVOURITE,30.59,23.26,21.91,2-0,1-1,1-2,3-1,team1_win,True,False
18,16-Jun-26,Iraq,Norway,1-0,team1_win,0.209,0.075,178,37.2,team2_win,0.93,0-1,27.9,9.3,18.9,True,VALUE_CONTRARIAN,37.2,36.32,16.12,1-0,1-1,0-1,1-4,team2_win,False,False
19,16-Jun-26,Argentina,Algeria,1-0,team1_win,0.59,0.161,43,25.38,team1_win,0.81,1-0,34.83,-9.45,11.8,False,FOLLOW_FAVOURITE,25.38,31.98,25.52,1-0,1-1,0-1,3-0,team1_win,True,False
20,16-Jun-26,Austria,Jordan,0-1,team2_win,0.208,0.061,163,33.84,team1_win,0.85,1-0,32.3,1.54,17.8,True,SPECULATIVE,21.24,31.38,33.84,1-0,1-1,0-1,3-1,team1_win,False,False
21,17-Jun-26,Ghana,Panama,1-2,team2_win,0.379,0.081,116,44.02,team1_win,0.6,2-1,43.8,0.22,30.9,True,SPECULATIVE,28.53,25.53,44.02,2-1,1-1,1-2,,,,
22,17-Jun-26,England,Croatia,2-0,team1_win,0.679,0.119,59,40.07,team1_win,0.57,2-0,33.63,6.44,10.9,False,SAFE_FAVOURITE,40.07,22.23,16.86,2-0,1-1,0-1,,,,
23,17-Jun-26,Portugal,Congo DR,2-0,team1_win,0.642,0.111,34,21.82,team1_win,0.95,2-0,32.3,-10.48,17.1,False,FOLLOW_FAVOURITE,21.82,28.19,25.73,2-0,1-1,0-1,,,,
24,17-Jun-26,Uzbekistan,Colombia,0-1,team2_win,0.582,0.115,44,25.62,team2_win,0.9,0-1,39.6,-13.98,15.9,False,FOLLOW_FAVOURITE,29.62,29.39,25.62,1-0,1-1,0-1,,,,
25,18-Jun-26,Czech Republic,South Africa,0-1,team2_win,0.274,0.111,142,38.94,team1_win,0.59,1-0,36.58,2.36,13.4,True,SPECULATIVE,26.62,33.17,38.94,1-0,1-1,0-1,,,,
26,18-Jun-26,Switzerland,Bosnia,1-0,team1_win,0.514,0.099,76,39.09,team1_win,0.76,1-0,57.76,-18.67,-24.6,False,FOLLOW_FAVOURITE,39.09,25.55,33.06,1-0,1-1,0-1,,,,
27,18-Jun-26,Canada,Qatar,1-0,team1_win,0.674,0.16,71,47.86,team1_win,0.79,1-0,56.09,-8.23,-11.6,False,FOLLOW_FAVOURITE,47.86,21.97,16.52,1-0,1-1,0-1,,,,
28,18-Jun-26,Mexico,South Korea,0-1,team2_win,0.334,0.095,129,43.08,team1_win,0.59,1-0,40.71,2.37,21.4,True,SPECULATIVE,27.45,31.3,43.08,1-0,1-1,0-1,,,,
29,19-Jun-26,Brazil,Haiti,1-2,team2_win,0.33,0.077,198,65.36,team1_win,0.97,2-1,20.37,44.99,32.0,True,VALUE_CONTRARIAN,8.8,41.66,65.36,2-1,1-1,1-2,,,,
30,19-Jun-26,Scotland,Morocco,0-1,team2_win,0.451,0.117,91,41.02,team2_win,0.68,0-1,61.88,-20.86,-22.9,False,FOLLOW_FAVOURITE,28.09,29.65,41.02,1-0,1-1,0-1,,,,
31,19-Jun-26,Turkey,Paraguay,2-0,team1_win,0.696,0.109,84,58.48,team1_win,0.6,2-0,50.4,8.08,9.6,False,SAFE_FAVOURITE,58.48,19.41,15.22,2-0,1-1,1-2,,,,
32,19-Jun-26,USA,Australia,0-1,team2_win,0.303,0.084,153,46.35,team1_win,0.68,1-0,39.44,6.91,21.3,True,VALUE_CONTRARIAN,25.35,30.81,46.35,1-0,1-1,0-1,,,,
33,20-Jun-26,Germany,Ivory Coast,2-1,team1_win,0.666,0.083,38,25.32,team1_win,0.86,2-1,32.68,-7.36,-19.4,False,FOLLOW_FAVOURITE,25.32,21.48,24.57,2-1,1-1,1-2,,,,
34,20-Jun-26,Ecuador,Curaçao,1-1,draw,0.25,0.116,143,35.76,team1_win,0.85,1-0,34.85,0.91,13.0,True,SPECULATIVE,23.23,35.76,30.57,1-0,1-1,0-1,,,,
35,20-Jun-26,Netherlands,Sweden,2-1,team1_win,0.477,0.094,67,31.97,team1_win,0.65,2-1,43.55,-11.58,21.4,False,FOLLOW_FAVOURITE,31.97,28.85,37.2,2-1,1-1,1-2,,,,
36,20-Jun-26,Tunisia,Japan,0-1,team2_win,0.524,0.149,91,47.66,team2_win,0.55,0-1,50.05,-2.39,-2.6,False,FOLLOW_FAVOURITE,24.73,27.38,47.66,1-0,1-1,0-1,,,,
37,21-Jun-26,Uruguay,Cape Verde,1-0,team1_win,0.362,0.125,72,26.07,team1_win,0.88,1-0,63.36,-37.29,31.5,False,FOLLOW_FAVOURITE,26.07,31.94,47.22,1-0,1-1,0-1,,,,
38,21-Jun-26,Spain,Saudi Arabia,3-0,team1_win,0.817,0.115,31,25.31,team1_win,0.97,3-0,30.07,-4.76,-15.3,False,FOLLOW_FAVOURITE,25.31,12.78,7.65,3-0,1-1,1-2,,,,
39,21-Jun-26,Belgium,Iran,1-2,team2_win,0.256,0.065,171,43.8,team1_win,0.92,2-1,35.88,7.92,23.6,True,VALUE_CONTRARIAN,19.99,31.5,43.8,2-1,1-1,1-2,,,,
40,21-Jun-26,New Zealand,Egypt,1-0,team1_win,0.422,0.097,148,62.5,team2_win,0.71,0-1,41.89,20.61,33.2,True,VALUE_CONTRARIAN,62.5,29.66,18.93,1-0,1-1,0-1,,,,
41,22-Jun-26,Norway,Senegal,1-1,draw,0.249,0.118,105,26.14,draw,0.4,1-1,42.0,-15.86,15.7,False,FOLLOW_FAVOURITE,33.75,26.14,30.44,1-0,1-1,0-1,,,,
42,22-Jun-26,France,Iraq,1-1,draw,0.236,0.112,166,39.21,team1_win,0.98,1-0,21.56,17.65,22.6,True,VALUE_CONTRARIAN,12.67,39.21,35.1,1-0,1-1,0-1,,,,
43,22-Jun-26,Argentina,Austria,1-0,team1_win,0.428,0.115,63,26.97,team1_win,0.84,1-0,52.92,-25.95,27.3,False,FOLLOW_FAVOURITE,26.97,28.19,39.95,1-0,1-1,0-1,,,,
44,22-Jun-26,Jordan,Algeria,1-0,team1_win,0.382,0.118,152,57.99,team2_win,0.83,0-1,55.61,2.38,34.2,True,SPECULATIVE,57.99,39.08,22.57,1-0,1-1,0-1,,,,
45,23-Jun-26,England,Ghana,2-0,team1_win,0.83,0.138,44,36.53,team1_win,0.89,2-0,39.16,-2.63,-6.0,False,FOLLOW_FAVOURITE,36.53,12.71,6.33,2-0,1-1,0-1,,,,
46,23-Jun-26,Panama,Croatia,1-3,team2_win,0.712,0.081,36,25.64,team2_win,0.9,1-3,32.4,-6.76,-18.8,False,FOLLOW_FAVOURITE,18.84,17.06,25.64,2-1,1-1,1-3,,,,
47,23-Jun-26,Portugal,Uzbekistan,1-1,draw,0.222,0.105,154,34.18,team1_win,0.97,1-0,23.28,10.9,20.2,True,VALUE_CONTRARIAN,14.53,34.18,29.33,1-0,1-1,0-1,,,,
48,23-Jun-26,Colombia,Congo DR,2-0,team1_win,0.618,0.103,77,47.62,team1_win,0.71,2-0,54.67,-7.05,-9.2,False,FOLLOW_FAVOURITE,47.62,22.92,20.89,2-0,1-1,0-1,,,,
49,24-Jun-26,Scotland,Brazil,1-2,team2_win,0.474,0.094,48,22.77,team2_win,0.87,1-2,41.76,-18.99,24.1,False,FOLLOW_FAVOURITE,40.72,30.12,22.77,2-1,1-1,1-2,,,,
50,24-Jun-26,Morocco,Haiti,0-1,team2_win,0.305,0.09,187,57.09,team1_win,0.95,1-0,27.55,29.54,28.5,True,VALUE_CONTRARIAN,12.45,42.09,57.09,1-0,1-1,0-1,,,,
51,24-Jun-26,Switzerland,Canada,2-1,team1_win,0.56,0.092,68,38.11,team1_win,0.55,2-1,37.4,0.71,1.0,False,SAFE_FAVOURITE,38.11,21.17,29.78,2-1,1-1,1-2,,,,
52,24-Jun-26,Bosnia,Qatar,2-0,team1_win,0.768,0.178,87,66.8,team1_win,0.57,2-0,49.59,17.21,19.8,False,SAFE_FAVOURITE,66.8,16.92,7.21,2-0,0-0,0-1,,,,
53,24-Jun-26,Czech Republic,Mexico,0-1,team2_win,0.513,0.139,91,46.66,team2_win,0.45,0-1,40.95,5.71,6.3,False,SAFE_FAVOURITE,24.38,26.0,46.66,1-0,1-1,0-1,,,,
54,24-Jun-26,South Africa,South Korea,0-1,team2_win,0.55,0.157,87,47.82,team2_win,0.52,0-1,45.24,2.58,3.0,False,SAFE_FAVOURITE,21.98,26.94,47.82,1-0,1-1,0-1,,,,
55,25-Jun-26,Curaçao,Ivory Coast,0-1,team2_win,0.622,0.109,53,32.96,team2_win,0.89,0-1,47.17,-14.21,-26.8,False,FOLLOW_FAVOURITE,26.75,24.72,32.96,1-0,1-1,0-1,,,,
56,25-Jun-26,Ecuador,Germany,1-2,team2_win,0.654,0.096,42,27.47,team2_win,0.83,1-2,34.86,-7.39,-17.6,False,FOLLOW_FAVOURITE,22.28,23.36,27.47,2-1,1-1,1-2,,,,
57,25-Jun-26,Japan,Sweden,1-1,draw,0.254,0.12,108,27.4,draw,0.47,1-1,50.76,-23.36,19.0,False,FOLLOW_FAVOURITE,34.06,27.4,43.32,1-0,1-1,0-1,,,,
58,25-Jun-26,Tunisia,Netherlands,0-1,team2_win,0.638,0.142,56,35.75,team2_win,0.81,0-1,45.36,-9.61,-17.2,False,FOLLOW_FAVOURITE,18.32,26.92,35.75,1-0,1-1,0-1,,,,
59,25-Jun-26,Turkey,USA,1-0,team1_win,0.556,0.108,109,60.66,draw,0.41,1-1,41.82,18.84,21.6,True,VALUE_CONTRARIAN,60.66,23.53,19.55,1-0,1-1,0-1,,,,
60,25-Jun-26,Paraguay,Australia,1-0,team1_win,0.439,0.146,74,32.52,team1_win,0.54,1-0,39.96,-7.44,12.9,False,FOLLOW_FAVOURITE,32.52,30.28,35.25,1-0,1-1,0-1,,,,
61,26-Jun-26,Norway,France,1-2,team2_win,0.466,0.094,68,31.72,team2_win,0.78,1-2,53.04,-21.32,25.1,False,FOLLOW_FAVOURITE,41.06,25.96,31.72,2-1,1-1,1-2,,,,
62,26-Jun-26,Senegal,Iraq,0-1,team2_win,0.336,0.127,149,50.02,team1_win,0.92,1-0,49.68,0.34,31.6,True,SPECULATIVE,19.55,34.73,50.02,1-0,1-1,0-1,,,,
63,26-Jun-26,Egypt,Iran,0-1,team2_win,0.479,0.105,123,58.88,team1_win,0.66,1-0,56.1,2.78,41.9,True,SPECULATIVE,22.95,28.48,58.88,1-0,1-1,0-1,,,,
64,26-Jun-26,New Zealand,Belgium,2-1,team1_win,0.227,0.059,172,39.12,team2_win,0.91,1-2,29.12,10.0,19.7,True,VALUE_CONTRARIAN,39.12,27.75,17.68,2-1,1-1,1-2,,,,
65,26-Jun-26,Cape Verde,Saudi Arabia,1-1,draw,0.188,0.089,123,23.07,draw,0.55,1-1,67.65,-44.58,54.8,False,FOLLOW_FAVOURITE,67.11,23.07,11.98,2-0,1-1,0-1,,,,
66,26-Jun-26,Uruguay,Spain,1-2,team2_win,0.5,0.076,57,28.5,team2_win,0.83,1-2,47.31,-18.81,26.2,False,FOLLOW_FAVOURITE,41.75,21.63,28.5,2-1,2-2,1-2,,,,
67,27-Jun-26,Panama,England,0-3,team2_win,0.831,0.12,32,26.59,team2_win,0.94,0-3,30.08,-3.49,-10.9,False,FOLLOW_FAVOURITE,4.92,9.75,26.59,2-1,1-1,0-3,,,,
68,27-Jun-26,Croatia,Ghana,2-0,team1_win,0.644,0.1,57,36.72,team1_win,0.74,2-0,42.18,-5.46,-9.6,False,FOLLOW_FAVOURITE,36.72,23.04,21.53,2-0,1-1,1-2,,,,
69,27-Jun-26,Algeria,Austria,0-1,team2_win,0.491,0.151,107,52.54,draw,0.46,1-1,47.38,5.16,28.1,True,VALUE_CONTRARIAN,22.11,28.65,52.54,1-0,1-1,0-1,,,,
70,27-Jun-26,Jordan,Argentina,1-0,team1_win,0.221,0.064,165,36.39,team2_win,0.95,0-1,30.4,5.99,20.1,True,VALUE_CONTRARIAN,36.39,34.11,17.34,1-0,1-1,0-1,,,,
71,27-Jun-26,Colombia,Portugal,2-1,team1_win,0.352,0.08,154,54.22,team2_win,0.76,1-2,41.8,12.42,30.2,True,VALUE_CONTRARIAN,54.22,24.32,22.4,2-1,1-1,1-2,,,,
72,27-Jun-26,Congo DR,Uzbekistan,0-1,team2_win,0.417,0.125,158,65.89,team1_win,0.64,1-0,40.32,25.57,34.7,True,VALUE_CONTRARIAN,19.09,29.9,65.89,1-0,1-1,0-1,,,,
