match_id,date,team1,team2,recommended_score,recommended_outcome,p_outcome,p_exact_score,points_if_correct,expected_value,platform_favourite,platform_p,naive_score,naive_ev,ev_gain_vs_naive,edge_pct,is_contrarian,risk_level,ev_team1_win,ev_draw,ev_team2_win,score_team1_win,score_draw,score_team2_win,actual_score,actual_outcome,outcome_correct,score_correct
1,11-Jun-26,Mexico,South Africa,2-0,team1_win,0.746,0.171,49,36.55,team1_win,0.67,1-0,36.55,0.0,7.7,False,FOLLOW_FAVOURITE,36.55,17.54,16.85,2-0,0-0,0-1,2-0,team1_win,True,True
2,11-Jun-26,South Korea,Czech Republic,1-0,team1_win,0.423,0.099,96,40.64,team1_win,0.36,1-0,40.64,0.0,6.2,False,FOLLOW_FAVOURITE,40.64,22.04,33.74,1-0,1-1,0-1,2-1,team1_win,True,False
3,12-Jun-26,Canada,Bosnia,2-0,team1_win,0.611,0.123,65,39.73,team1_win,0.52,1-0,39.73,0.0,8.9,False,FOLLOW_FAVOURITE,39.73,19.95,27.29,2-0,1-1,0-1,1-1,draw,False,False
4,12-Jun-26,USA,Paraguay,0-1,team2_win,0.437,0.091,115,50.25,team1_win,0.5,1-0,28.19,22.06,21.2,True,VALUE_CONTRARIAN,28.19,20.57,50.25,1-0,1-1,0-1,,,,
5,13-Jun-26,Haiti,Scotland,0-2,team2_win,0.675,0.142,44,29.69,team2_win,0.61,0-1,29.69,0.0,6.2,False,FOLLOW_FAVOURITE,27.17,19.49,29.69,1-0,1-1,0-2,0-1,team2_win,True,False
6,13-Jun-26,Australia,Turkey,0-1,team2_win,0.575,0.119,66,37.97,team2_win,0.56,0-1,37.97,0.0,1.8,False,FOLLOW_FAVOURITE,31.93,19.7,37.97,1-0,1-1,0-1,2-0,team1_win,False,False
7,13-Jun-26,Brazil,Morocco,1-0,team1_win,0.61,0.123,55,33.57,team1_win,0.57,1-0,33.57,0.0,4.3,False,FOLLOW_FAVOURITE,33.57,20.33,31.21,1-0,1-1,0-1,1-1,draw,False,False
8,13-Jun-26,Qatar,Switzerland,0-2,team2_win,0.827,0.186,33,27.28,team2_win,0.77,0-1,27.28,0.0,5.2,False,FOLLOW_FAVOURITE,10.8,15.59,27.28,1-0,0-0,0-2,1-1,draw,False,False
9,14-Jun-26,Ivory Coast,Ecuador,0-2,team2_win,0.601,0.129,85,51.11,team2_win,0.4,0-1,51.11,0.0,20.3,False,FOLLOW_FAVOURITE,22.23,19.48,51.11,1-0,1-1,0-2,1-0,team1_win,False,False
10,14-Jun-26,Germany,Curaçao,2-0,team1_win,0.887,0.198,15,13.31,team1_win,0.91,1-0,13.31,0.0,-2.7,False,FOLLOW_FAVOURITE,13.31,13.19,8.66,2-0,0-0,0-1,7-1,team1_win,True,False
11,14-Jun-26,Netherlands,Japan,0-1,team2_win,0.327,0.091,113,36.93,team1_win,0.46,1-0,36.12,0.81,5.7,True,VALUE_CONTRARIAN,36.12,21.28,36.93,1-0,1-1,0-1,2-2,draw,False,False
12,14-Jun-26,Sweden,Tunisia,1-0,team1_win,0.524,0.113,72,37.73,team1_win,0.5,1-0,37.73,0.0,2.5,False,FOLLOW_FAVOURITE,37.73,20.41,35.43,1-0,1-1,0-1,5-1,team1_win,True,False
13,15-Jun-26,Saudi Arabia,Uruguay,0-2,team2_win,0.736,0.167,50,36.78,team2_win,0.66,0-1,36.78,0.0,8.0,False,FOLLOW_FAVOURITE,18.08,17.58,36.78,1-0,0-0,0-2,1-1,draw,False,False
14,15-Jun-26,Spain,Cape Verde,2-0,team1_win,0.885,0.193,16,14.17,team1_win,0.86,1-0,14.17,0.0,2.2,False,FOLLOW_FAVOURITE,14.17,14.0,6.55,2-0,0-0,0-1,,,,
15,15-Jun-26,Iran,New Zealand,1-0,team1_win,0.602,0.12,63,37.94,team1_win,0.52,1-0,37.94,0.0,7.7,False,FOLLOW_FAVOURITE,37.94,20.0,29.3,1-0,1-1,0-1,2-2,draw,False,False
16,15-Jun-26,Belgium,Egypt,1-0,team1_win,0.622,0.124,57,35.46,team1_win,0.57,1-0,35.46,0.0,5.3,False,FOLLOW_FAVOURITE,35.46,20.02,28.87,1-0,1-1,0-1,1-1,draw,False,False
17,16-Jun-26,France,Senegal,2-0,team1_win,0.668,0.136,46,30.71,team1_win,0.64,1-0,30.71,0.0,2.5,False,FOLLOW_FAVOURITE,30.71,18.9,28.26,2-0,1-1,0-1,3-1,team1_win,True,False
18,16-Jun-26,Iraq,Norway,0-2,team2_win,0.78,0.174,30,23.4,team2_win,0.79,0-1,23.4,0.0,-0.7,False,FOLLOW_FAVOURITE,19.11,16.2,23.4,1-0,0-0,0-2,1-4,team2_win,True,False
19,16-Jun-26,Argentina,Algeria,2-0,team1_win,0.765,0.178,43,32.91,team1_win,0.69,1-0,32.91,0.0,7.9,False,FOLLOW_FAVOURITE,32.91,17.07,16.28,2-0,0-0,0-1,3-0,team1_win,True,False
20,16-Jun-26,Austria,Jordan,0-1,team2_win,0.208,0.071,163,33.85,team1_win,0.72,1-0,24.81,9.04,10.4,True,VALUE_CONTRARIAN,24.81,18.96,33.85,1-0,1-1,0-1,3-1,team1_win,False,False
21,17-Jun-26,Ghana,Panama,0-2,team2_win,0.536,0.112,116,62.22,team1_win,0.45,1-0,21.2,41.02,26.8,True,VALUE_CONTRARIAN,21.2,19.57,62.22,1-0,1-1,0-2,,,,
22,17-Jun-26,England,Croatia,0-1,team2_win,0.276,0.083,133,36.75,team1_win,0.55,1-0,32.41,4.34,7.7,True,VALUE_CONTRARIAN,32.41,20.75,36.75,1-0,1-1,0-1,,,,
23,17-Jun-26,Portugal,Congo DR,2-0,team1_win,0.773,0.176,34,26.27,team1_win,0.74,1-0,26.27,0.0,3.0,False,FOLLOW_FAVOURITE,26.27,17.02,17.99,2-0,0-0,0-1,,,,
24,17-Jun-26,Uzbekistan,Colombia,0-2,team2_win,0.711,0.151,44,31.31,team2_win,0.69,0-1,31.31,0.0,2.5,False,FOLLOW_FAVOURITE,23.37,18.15,31.31,1-0,1-1,0-2,,,,
25,18-Jun-26,Czech Republic,South Africa,2-0,team1_win,0.601,0.122,62,37.29,team1_win,0.48,1-0,37.29,0.0,12.2,False,FOLLOW_FAVOURITE,37.29,19.82,31.46,2-0,1-1,0-1,,,,
26,18-Jun-26,Switzerland,Bosnia,2-0,team1_win,0.699,0.155,76,53.12,team1_win,0.6,1-0,53.12,0.0,10.3,False,FOLLOW_FAVOURITE,53.12,16.05,20.42,2-0,0-0,0-1,,,,
27,18-Jun-26,Canada,Qatar,2-0,team1_win,0.776,0.18,71,55.09,team1_win,0.72,1-0,55.09,0.0,5.3,False,FOLLOW_FAVOURITE,55.09,13.17,14.42,2-0,0-0,0-1,,,,
28,18-Jun-26,Mexico,South Korea,1-0,team1_win,0.551,0.116,69,38.04,team1_win,0.52,1-0,38.04,0.0,3.3,False,FOLLOW_FAVOURITE,38.04,21.19,34.52,1-0,1-1,0-1,,,,
29,19-Jun-26,Brazil,Haiti,2-0,team1_win,0.864,0.195,21,18.15,team1_win,0.87,1-0,18.15,0.0,-1.1,False,FOLLOW_FAVOURITE,18.15,14.19,10.08,2-0,0-0,0-1,,,,
30,19-Jun-26,Scotland,Morocco,0-1,team2_win,0.491,0.11,91,44.72,team2_win,0.47,0-1,44.72,0.0,1.9,False,FOLLOW_FAVOURITE,31.17,21.7,44.72,1-0,1-1,0-1,,,,
31,19-Jun-26,Turkey,Paraguay,1-0,team1_win,0.483,0.106,84,40.59,team1_win,0.42,1-0,40.59,0.0,5.9,False,FOLLOW_FAVOURITE,40.59,22.17,40.39,1-0,1-1,0-1,,,,
32,19-Jun-26,USA,Australia,0-1,team2_win,0.394,0.087,153,60.23,team1_win,0.54,1-0,24.98,35.26,17.9,True,VALUE_CONTRARIAN,24.98,20.91,60.23,1-0,1-1,0-1,,,,
33,20-Jun-26,Germany,Ivory Coast,0-1,team2_win,0.173,0.081,164,28.39,team1_win,0.61,1-0,25.83,2.56,0.4,True,VALUE_CONTRARIAN,25.83,20.16,28.39,2-0,1-1,0-1,,,,
34,20-Jun-26,Ecuador,Curaçao,2-0,team1_win,0.837,0.186,41,34.32,team1_win,0.78,1-0,34.32,0.0,5.3,False,FOLLOW_FAVOURITE,34.32,15.49,9.18,2-0,0-0,0-1,,,,
35,20-Jun-26,Netherlands,Sweden,2-0,team1_win,0.662,0.14,67,44.38,team1_win,0.57,1-0,44.38,0.0,9.0,False,FOLLOW_FAVOURITE,44.38,19.03,23.79,2-0,1-1,0-1,,,,
36,20-Jun-26,Tunisia,Japan,0-2,team2_win,0.671,0.145,91,61.02,team2_win,0.56,0-1,61.02,0.0,11.3,False,FOLLOW_FAVOURITE,19.64,16.79,61.02,1-0,1-1,0-2,,,,
37,21-Jun-26,Uruguay,Cape Verde,2-0,team1_win,0.742,0.171,72,53.45,team1_win,0.65,1-0,53.45,0.0,8.9,False,FOLLOW_FAVOURITE,53.45,15.03,16.41,2-0,0-0,0-1,,,,
38,21-Jun-26,Spain,Saudi Arabia,2-0,team1_win,0.879,0.192,31,27.26,team1_win,0.85,1-0,27.26,0.0,2.6,False,FOLLOW_FAVOURITE,27.26,12.34,5.59,2-0,0-0,0-1,,,,
39,21-Jun-26,Belgium,Iran,0-1,team2_win,0.235,0.074,171,40.22,team1_win,0.67,1-0,23.8,16.42,11.1,True,VALUE_CONTRARIAN,23.8,21.33,40.22,1-0,1-1,0-1,,,,
40,21-Jun-26,New Zealand,Egypt,1-0,team1_win,0.266,0.083,148,39.3,team2_win,0.55,0-1,33.01,6.29,7.0,True,VALUE_CONTRARIAN,39.3,20.3,33.01,1-0,1-1,0-1,,,,
41,22-Jun-26,Norway,Senegal,0-1,team2_win,0.348,0.091,137,47.62,team1_win,0.44,1-0,29.62,18.0,6.5,True,VALUE_CONTRARIAN,29.62,19.9,47.62,1-0,1-1,0-1,,,,
42,22-Jun-26,France,Iraq,2-0,team1_win,0.856,0.192,22,18.84,team1_win,0.84,1-0,18.84,0.0,1.3,False,FOLLOW_FAVOURITE,18.84,15.53,9.46,2-0,0-0,0-1,,,,
43,22-Jun-26,Argentina,Austria,2-0,team1_win,0.687,0.151,63,43.3,team1_win,0.58,1-0,43.3,0.0,11.0,False,FOLLOW_FAVOURITE,43.3,16.14,20.99,2-0,0-0,0-1,,,,
44,22-Jun-26,Jordan,Algeria,1-0,team1_win,0.28,0.077,152,42.53,team2_win,0.63,0-1,37.03,5.5,13.4,True,VALUE_CONTRARIAN,42.53,23.3,37.03,1-0,1-1,0-1,,,,
45,23-Jun-26,England,Ghana,2-0,team1_win,0.812,0.18,44,35.72,team1_win,0.71,1-0,35.72,0.0,10.0,False,FOLLOW_FAVOURITE,35.72,15.26,11.02,2-0,0-0,0-1,,,,
46,23-Jun-26,Panama,Croatia,1-0,team1_win,0.195,0.079,165,32.25,team2_win,0.61,0-1,23.34,8.91,3.9,True,VALUE_CONTRARIAN,32.25,19.23,23.34,1-0,1-1,0-2,,,,
47,23-Jun-26,Portugal,Uzbekistan,0-1,team2_win,0.135,0.065,173,23.32,team1_win,0.75,1-0,17.82,5.5,4.9,True,VALUE_CONTRARIAN,17.82,18.93,23.32,2-0,1-1,0-1,,,,
48,23-Jun-26,Colombia,Congo DR,2-0,team1_win,0.729,0.165,77,56.15,team1_win,0.64,1-0,56.15,0.0,8.6,False,FOLLOW_FAVOURITE,56.15,16.26,15.29,2-0,0-0,0-1,,,,
49,24-Jun-26,Scotland,Brazil,0-2,team2_win,0.683,0.141,48,32.76,team2_win,0.66,0-1,32.76,0.0,2.4,False,FOLLOW_FAVOURITE,25.17,17.84,32.76,1-0,1-1,0-2,,,,
50,24-Jun-26,Morocco,Haiti,0-1,team2_win,0.13,0.068,187,24.37,team1_win,0.7,1-0,21.45,2.93,2.0,True,VALUE_CONTRARIAN,21.45,20.69,24.37,2-0,0-0,0-1,,,,
51,24-Jun-26,Switzerland,Canada,0-1,team2_win,0.294,0.092,129,37.86,team1_win,0.45,1-0,35.34,2.52,2.6,True,VALUE_CONTRARIAN,35.34,19.8,37.86,1-0,1-1,0-1,,,,
52,24-Jun-26,Bosnia,Qatar,1-0,team1_win,0.625,0.125,87,54.4,team1_win,0.59,1-0,54.4,0.0,3.3,False,FOLLOW_FAVOURITE,54.4,16.64,25.39,1-0,1-1,0-1,,,,
53,24-Jun-26,Czech Republic,Mexico,0-1,team2_win,0.572,0.117,91,52.09,team2_win,0.52,0-1,52.09,0.0,5.0,False,FOLLOW_FAVOURITE,27.43,17.43,52.09,1-0,1-1,0-1,,,,
54,24-Jun-26,South Africa,South Korea,0-2,team2_win,0.622,0.13,87,54.1,team2_win,0.49,0-1,54.1,0.0,13.1,False,FOLLOW_FAVOURITE,24.36,17.51,54.1,1-0,1-1,0-2,,,,
55,25-Jun-26,Curaçao,Ivory Coast,0-2,team2_win,0.742,0.157,53,39.33,team2_win,0.77,0-1,39.33,0.0,-3.2,False,FOLLOW_FAVOURITE,22.37,14.25,39.33,1-0,1-1,0-2,,,,
56,25-Jun-26,Ecuador,Germany,1-0,team1_win,0.345,0.083,145,50.04,team2_win,0.55,0-1,19.82,30.21,14.7,True,VALUE_CONTRARIAN,50.04,23.6,19.82,1-0,1-1,0-1,,,,
57,25-Jun-26,Japan,Sweden,2-0,team1_win,0.579,0.116,96,55.56,team1_win,0.45,1-0,55.56,0.0,12.9,False,FOLLOW_FAVOURITE,55.56,19.1,27.13,2-0,1-1,0-1,,,,
58,25-Jun-26,Tunisia,Netherlands,0-2,team2_win,0.723,0.164,56,40.47,team2_win,0.62,0-1,40.47,0.0,10.0,False,FOLLOW_FAVOURITE,17.71,17.48,40.47,1-0,0-0,0-2,,,,
59,25-Jun-26,Turkey,USA,1-0,team1_win,0.539,0.107,109,58.74,team2_win,0.37,0-1,26.8,31.95,18.2,True,VALUE_CONTRARIAN,58.74,17.64,26.8,1-0,1-1,0-1,,,,
60,25-Jun-26,Paraguay,Australia,0-1,team2_win,0.333,0.091,131,43.68,team1_win,0.43,1-0,34.92,8.76,5.9,True,VALUE_CONTRARIAN,34.92,20.24,43.68,1-0,1-1,0-1,,,,
61,26-Jun-26,Norway,France,0-1,team2_win,0.596,0.12,68,40.54,team2_win,0.52,0-1,40.54,0.0,7.6,False,FOLLOW_FAVOURITE,33.11,18.25,40.54,1-0,1-1,0-1,,,,
62,26-Jun-26,Senegal,Iraq,2-0,team1_win,0.714,0.155,54,38.56,team1_win,0.66,1-0,38.56,0.0,5.2,False,FOLLOW_FAVOURITE,38.56,16.35,21.43,2-0,1-1,0-1,,,,
63,26-Jun-26,Egypt,Iran,0-1,team2_win,0.423,0.092,123,51.97,team1_win,0.42,1-0,32.01,19.97,15.4,True,VALUE_CONTRARIAN,32.01,22.9,51.97,1-0,1-1,0-1,,,,
64,26-Jun-26,New Zealand,Belgium,0-2,team2_win,0.744,0.163,32,23.82,team2_win,0.72,0-1,23.82,0.0,2.0,False,FOLLOW_FAVOURITE,22.17,16.36,23.82,1-0,1-1,0-2,,,,
65,26-Jun-26,Cape Verde,Saudi Arabia,1-0,team1_win,0.394,0.1,99,39.04,team1_win,0.37,1-0,39.04,0.0,2.1,False,FOLLOW_FAVOURITE,39.04,24.18,38.45,1-0,1-1,0-1,,,,
66,26-Jun-26,Uruguay,Spain,0-2,team2_win,0.681,0.148,57,38.81,team2_win,0.58,0-1,38.81,0.0,10.4,False,FOLLOW_FAVOURITE,23.53,17.31,38.81,1-0,1-1,0-2,,,,
67,27-Jun-26,Panama,England,0-2,team2_win,0.75,0.164,32,23.99,team2_win,0.74,0-1,23.99,0.0,1.3,False,FOLLOW_FAVOURITE,21.28,16.96,23.99,1-0,0-0,0-2,,,,
68,27-Jun-26,Croatia,Ghana,2-0,team1_win,0.735,0.167,57,41.89,team1_win,0.57,1-0,41.89,0.0,16.7,False,FOLLOW_FAVOURITE,41.89,17.94,15.95,2-0,0-0,0-1,,,,
69,27-Jun-26,Algeria,Austria,0-1,team2_win,0.499,0.107,107,53.36,team2_win,0.43,0-1,53.36,0.0,6.5,False,FOLLOW_FAVOURITE,29.48,20.01,53.36,1-0,1-1,0-1,,,,
70,27-Jun-26,Jordan,Argentina,0-2,team2_win,0.823,0.187,32,26.33,team2_win,0.79,0-1,26.33,0.0,3.3,False,FOLLOW_FAVOURITE,11.73,15.4,26.33,1-0,0-0,0-2,,,,
71,27-Jun-26,Colombia,Portugal,1-0,team1_win,0.359,0.089,154,55.24,team2_win,0.45,0-1,24.38,30.86,9.2,True,VALUE_CONTRARIAN,55.24,20.19,24.38,1-0,1-1,0-1,,,,
72,27-Jun-26,Congo DR,Uzbekistan,0-1,team2_win,0.437,0.095,158,69.05,team1_win,0.41,1-0,23.44,45.62,13.4,True,VALUE_CONTRARIAN,23.44,20.43,69.05,1-0,1-1,0-1,,,,
