match_id,date,team1,team2,recommended_score,is_contrarian,risk_level,expected_value,naive_score,naive_ev,ev_gain_vs_naive,edge_pct,actual_score,actual_outcome,outcome_correct,score_correct
1,11-Jun-26,Mexico,South Africa,2-0,false,FOLLOW_FAVOURITE,36.55,1-0,36.55,0.0,7.7,2-0,team1_win,true,true
2,11-Jun-26,South Korea,Czech Republic,1-0,false,FOLLOW_FAVOURITE,40.64,1-0,40.64,0.0,6.2,2-1,team1_win,true,false
3,12-Jun-26,Canada,Bosnia,2-0,false,FOLLOW_FAVOURITE,39.73,1-0,39.73,0.0,8.9,1-1,draw,false,false
4,12-Jun-26,USA,Paraguay,0-1,true,VALUE_CONTRARIAN,50.25,1-0,28.19,22.06,21.2,,,,
5,13-Jun-26,Haiti,Scotland,0-2,false,FOLLOW_FAVOURITE,29.69,0-1,29.69,0.0,6.2,,,,
6,13-Jun-26,Australia,Turkey,0-1,false,FOLLOW_FAVOURITE,37.97,0-1,37.97,0.0,1.8,,,,
7,13-Jun-26,Brazil,Morocco,1-0,false,FOLLOW_FAVOURITE,33.57,1-0,33.57,0.0,4.3,,,,
8,13-Jun-26,Qatar,Switzerland,0-2,false,FOLLOW_FAVOURITE,27.28,0-1,27.28,0.0,5.2,,,,
9,14-Jun-26,Ivory Coast,Ecuador,0-2,false,FOLLOW_FAVOURITE,51.11,0-1,51.11,0.0,20.3,,,,
10,14-Jun-26,Germany,Curaçao,2-0,false,FOLLOW_FAVOURITE,13.31,1-0,13.31,0.0,-2.7,,,,
11,14-Jun-26,Netherlands,Japan,0-1,true,VALUE_CONTRARIAN,36.93,1-0,36.12,0.81,5.7,,,,
12,14-Jun-26,Sweden,Tunisia,1-0,false,FOLLOW_FAVOURITE,37.73,1-0,37.73,0.0,2.5,,,,
13,15-Jun-26,Saudi Arabia,Uruguay,0-2,false,FOLLOW_FAVOURITE,36.78,0-1,36.78,0.0,8.0,,,,
14,15-Jun-26,Spain,Cape Verde,2-0,false,FOLLOW_FAVOURITE,14.17,1-0,14.17,0.0,2.2,,,,
15,15-Jun-26,Iran,New Zealand,1-0,false,FOLLOW_FAVOURITE,37.94,1-0,37.94,0.0,7.7,,,,
16,15-Jun-26,Belgium,Egypt,1-0,false,FOLLOW_FAVOURITE,35.46,1-0,35.46,0.0,5.3,,,,
17,16-Jun-26,France,Senegal,2-0,false,FOLLOW_FAVOURITE,30.71,1-0,30.71,0.0,2.5,,,,
18,16-Jun-26,Iraq,Norway,0-2,false,FOLLOW_FAVOURITE,23.4,0-1,23.4,0.0,-0.7,,,,
19,16-Jun-26,Argentina,Algeria,2-0,false,FOLLOW_FAVOURITE,32.91,1-0,32.91,0.0,7.9,,,,
20,16-Jun-26,Austria,Jordan,0-1,true,VALUE_CONTRARIAN,33.85,1-0,24.81,9.04,10.4,,,,
21,17-Jun-26,Ghana,Panama,0-2,true,VALUE_CONTRARIAN,62.22,1-0,21.2,41.02,26.8,,,,
22,17-Jun-26,England,Croatia,0-1,true,VALUE_CONTRARIAN,36.75,1-0,32.41,4.34,7.7,,,,
23,17-Jun-26,Portugal,Congo DR,2-0,false,FOLLOW_FAVOURITE,26.27,1-0,26.27,0.0,3.0,,,,
24,17-Jun-26,Uzbekistan,Colombia,0-2,false,FOLLOW_FAVOURITE,31.31,0-1,31.31,0.0,2.5,,,,
25,18-Jun-26,Czech Republic,South Africa,2-0,false,FOLLOW_FAVOURITE,37.29,1-0,37.29,0.0,12.2,,,,
26,18-Jun-26,Switzerland,Bosnia,2-0,false,FOLLOW_FAVOURITE,53.12,1-0,53.12,0.0,10.3,,,,
27,18-Jun-26,Canada,Qatar,2-0,false,FOLLOW_FAVOURITE,55.09,1-0,55.09,0.0,5.3,,,,
28,18-Jun-26,Mexico,South Korea,1-0,false,FOLLOW_FAVOURITE,38.04,1-0,38.04,0.0,3.3,,,,
29,19-Jun-26,Brazil,Haiti,2-0,false,FOLLOW_FAVOURITE,18.15,1-0,18.15,0.0,-1.1,,,,
30,19-Jun-26,Scotland,Morocco,0-1,false,FOLLOW_FAVOURITE,44.72,0-1,44.72,0.0,1.9,,,,
31,19-Jun-26,Turkey,Paraguay,1-0,false,FOLLOW_FAVOURITE,40.59,1-0,40.59,0.0,5.9,,,,
32,19-Jun-26,USA,Australia,0-1,true,VALUE_CONTRARIAN,60.23,1-0,24.98,35.26,17.9,,,,
33,20-Jun-26,Germany,Ivory Coast,0-1,true,VALUE_CONTRARIAN,28.39,1-0,25.83,2.56,0.4,,,,
34,20-Jun-26,Ecuador,Curaçao,2-0,false,FOLLOW_FAVOURITE,34.32,1-0,34.32,0.0,5.3,,,,
35,20-Jun-26,Netherlands,Sweden,2-0,false,FOLLOW_FAVOURITE,44.38,1-0,44.38,0.0,9.0,,,,
36,20-Jun-26,Tunisia,Japan,0-2,false,FOLLOW_FAVOURITE,61.02,0-1,61.02,0.0,11.3,,,,
37,21-Jun-26,Uruguay,Cape Verde,2-0,false,FOLLOW_FAVOURITE,53.45,1-0,53.45,0.0,8.9,,,,
38,21-Jun-26,Spain,Saudi Arabia,2-0,false,FOLLOW_FAVOURITE,27.26,1-0,27.26,0.0,2.6,,,,
39,21-Jun-26,Belgium,Iran,0-1,true,VALUE_CONTRARIAN,40.22,1-0,23.8,16.42,11.1,,,,
40,21-Jun-26,New Zealand,Egypt,1-0,true,VALUE_CONTRARIAN,39.3,0-1,33.01,6.29,7.0,,,,
41,22-Jun-26,Norway,Senegal,0-1,true,VALUE_CONTRARIAN,47.62,1-0,29.62,18.0,6.5,,,,
42,22-Jun-26,France,Iraq,2-0,false,FOLLOW_FAVOURITE,18.84,1-0,18.84,0.0,1.3,,,,
43,22-Jun-26,Argentina,Austria,2-0,false,FOLLOW_FAVOURITE,43.3,1-0,43.3,0.0,11.0,,,,
44,22-Jun-26,Jordan,Algeria,1-0,true,VALUE_CONTRARIAN,42.53,0-1,37.03,5.5,13.4,,,,
45,23-Jun-26,England,Ghana,2-0,false,FOLLOW_FAVOURITE,35.72,1-0,35.72,0.0,10.0,,,,
46,23-Jun-26,Panama,Croatia,1-0,true,VALUE_CONTRARIAN,32.25,0-1,23.34,8.91,3.9,,,,
47,23-Jun-26,Portugal,Uzbekistan,0-1,true,VALUE_CONTRARIAN,23.32,1-0,17.82,5.5,4.9,,,,
48,23-Jun-26,Colombia,Congo DR,2-0,false,FOLLOW_FAVOURITE,56.15,1-0,56.15,0.0,8.6,,,,
49,24-Jun-26,Scotland,Brazil,0-2,false,FOLLOW_FAVOURITE,32.76,0-1,32.76,0.0,2.4,,,,
50,24-Jun-26,Morocco,Haiti,0-1,true,VALUE_CONTRARIAN,24.37,1-0,21.45,2.93,2.0,,,,
51,24-Jun-26,Switzerland,Canada,0-1,true,VALUE_CONTRARIAN,37.86,1-0,35.34,2.52,2.6,,,,
52,24-Jun-26,Bosnia,Qatar,1-0,false,FOLLOW_FAVOURITE,54.4,1-0,54.4,0.0,3.3,,,,
53,24-Jun-26,Czech Republic,Mexico,0-1,false,FOLLOW_FAVOURITE,52.09,0-1,52.09,0.0,5.0,,,,
54,24-Jun-26,South Africa,South Korea,0-2,false,FOLLOW_FAVOURITE,54.1,0-1,54.1,0.0,13.1,,,,
55,25-Jun-26,Curaçao,Ivory Coast,0-2,false,FOLLOW_FAVOURITE,39.33,0-1,39.33,0.0,-3.2,,,,
56,25-Jun-26,Ecuador,Germany,1-0,true,VALUE_CONTRARIAN,50.04,0-1,19.82,30.21,14.7,,,,
57,25-Jun-26,Japan,Sweden,2-0,false,FOLLOW_FAVOURITE,55.56,1-0,55.56,0.0,12.9,,,,
58,25-Jun-26,Tunisia,Netherlands,0-2,false,FOLLOW_FAVOURITE,40.47,0-1,40.47,0.0,10.0,,,,
59,25-Jun-26,Turkey,USA,1-0,true,VALUE_CONTRARIAN,58.74,0-1,26.8,31.95,18.2,,,,
60,25-Jun-26,Paraguay,Australia,0-1,true,VALUE_CONTRARIAN,43.68,1-0,34.92,8.76,5.9,,,,
61,26-Jun-26,Norway,France,0-1,false,FOLLOW_FAVOURITE,40.54,0-1,40.54,0.0,7.6,,,,
62,26-Jun-26,Senegal,Iraq,2-0,false,FOLLOW_FAVOURITE,38.56,1-0,38.56,0.0,5.2,,,,
63,26-Jun-26,Egypt,Iran,0-1,true,VALUE_CONTRARIAN,51.97,1-0,32.01,19.97,15.4,,,,
64,26-Jun-26,New Zealand,Belgium,0-2,false,FOLLOW_FAVOURITE,23.82,0-1,23.82,0.0,2.0,,,,
65,26-Jun-26,Cape Verde,Saudi Arabia,1-0,false,FOLLOW_FAVOURITE,39.04,1-0,39.04,0.0,2.1,,,,
66,26-Jun-26,Uruguay,Spain,0-2,false,FOLLOW_FAVOURITE,38.81,0-1,38.81,0.0,10.4,,,,
67,27-Jun-26,Panama,England,0-2,false,FOLLOW_FAVOURITE,23.99,0-1,23.99,0.0,1.3,,,,
68,27-Jun-26,Croatia,Ghana,2-0,false,FOLLOW_FAVOURITE,41.89,1-0,41.89,0.0,16.7,,,,
69,27-Jun-26,Algeria,Austria,0-1,false,FOLLOW_FAVOURITE,53.36,0-1,53.36,0.0,6.5,,,,
70,27-Jun-26,Jordan,Argentina,0-2,false,FOLLOW_FAVOURITE,26.33,0-1,26.33,0.0,3.3,,,,
71,27-Jun-26,Colombia,Portugal,1-0,true,VALUE_CONTRARIAN,55.24,0-1,24.38,30.86,9.2,,,,
72,27-Jun-26,Congo DR,Uzbekistan,0-1,true,VALUE_CONTRARIAN,69.05,1-0,23.44,45.62,13.4,,,,
